archetype,Red Madness,Grixis Affinity,Red Rally,Mono Blue Terror,Tron,Rakdos Madness,Jund Midrange,Gates,White Aggro,Elves,Dimir Faeries,Spy Combo,Mono Blue Faeries,Jeskai Ephemerate,Dimir Terror
Red Madness,,0.3614457831325301,0.26436781609195403,0.3614457831325301,0.5375,0.3269230769230769,0.6666666666666666,0.3684210526315789,0.3829787234042553,0.6833333333333333,0.49230769230769234,0.4927536231884058,0.5384615384615384,0.37735849056603776,0.5333333333333333
Grixis Affinity,0.6385542168674698,,0.5324675324675324,0.5056179775280899,0.34210526315789475,0.5,0.3888888888888889,0.38613861386138615,0.5636363636363636,0.4342105263157895,0.5945945945945946,0.5,0.5576923076923077,0.6458333333333334,0.5348837209302325
Red Rally,0.735632183908046,0.4675324675324675,,0.5,0.5,0.6744186046511628,0.4473684210526316,0.42857142857142855,0.32608695652173914,0.5,0.5263157894736842,0.2916666666666667,0.4074074074074074,0.64,0.5555555555555556
Mono Blue Terror,0.6385542168674698,0.4943820224719101,0.5,,0.5681818181818182,0.45161290322580644,0.5510204081632653,0.2926829268292683,0.29411764705882354,0.45454545454545453,0.25806451612903225,0.46153846153846156,0.5,0.4827586206896552,0.4838709677419355
Tron,0.4625,0.6578947368421053,0.5,0.4318181818181818,,0.7297297297297297,0.46875,0.7142857142857143,0.6129032258064516,0.2608695652173913,0.5,0.34375,0.6666666666666666,0.4666666666666667,0.7142857142857143
Rakdos Madness,0.6730769230769231,0.5,0.32558139534883723,0.5483870967741935,0.2702702702702703,,0.47058823529411764,0.25925925925925924,0.2894736842105263,0.5263157894736842,0.42857142857142855,0.3,0.34615384615384615,0.6428571428571429,0.4117647058823529
Jund Midrange,0.3333333333333333,0.6111111111111112,0.5526315789473685,0.4489795918367347,0.53125,0.5294117647058824,,0.45454545454545453,0.4418604651162791,0.4230769230769231,0.4444444444444444,0.5675675675675675,0.3684210526315789,0.6296296296296297,0.5757575757575758
Gates,0.631578947368421,0.6138613861386139,0.5714285714285714,0.7073170731707317,0.2857142857142857,0.7407407407407407,0.5454545454545454,,0.5,0.5714285714285714,0.5357142857142857,0.41025641025641024,0.4583333333333333,0.34782608695652173,0.7058823529411765
White Aggro,0.6170212765957447,0.43636363636363634,0.6739130434782609,0.7058823529411765,0.3870967741935484,0.7105263157894737,0.5581395348837209,0.5,,0.38095238095238093,0.3793103448275862,0.2,0.47058823529411764,0.4,0.6739130434782609
Elves,0.31666666666666665,0.5657894736842105,0.5,0.5454545454545454,0.7391304347826086,0.47368421052631576,0.5769230769230769,0.42857142857142855,0.6190476190476191,,0.5666666666666667,0.4827586206896552,0.7083333333333334,0.3157894736842105,0.42857142857142855
Dimir Faeries,0.5076923076923077,0.40540540540540543,0.47368421052631576,0.7419354838709677,0.5,0.5714285714285714,0.5555555555555556,0.4642857142857143,0.6206896551724138,0.43333333333333335,,0.23529411764705882,0.6111111111111112,0.5555555555555556,0.44
Spy Combo,0.5072463768115942,0.5,0.7083333333333334,0.5384615384615384,0.65625,0.7,0.43243243243243246,0.5897435897435898,0.8,0.5172413793103449,0.7647058823529411,,0.29411764705882354,0.5416666666666666,0.5294117647058824
Mono Blue Faeries,0.46153846153846156,0.4423076923076923,0.5925925925925926,0.5,0.3333333333333333,0.6538461538461539,0.631578947368421,0.5416666666666666,0.5294117647058824,0.2916666666666667,0.3888888888888889,0.7058823529411765,,0.6153846153846154,0.75
Jeskai Ephemerate,0.6226415094339622,0.3541666666666667,0.36,0.5172413793103449,0.5333333333333333,0.35714285714285715,0.37037037037037035,0.6521739130434783,0.6,0.6842105263157895,0.4444444444444444,0.4583333333333333,0.38461538461538464,,0.4166666666666667
Dimir Terror,0.4666666666666667,0.46511627906976744,0.4444444444444444,0.5161290322580645,0.2857142857142857,0.5882352941176471,0.42424242424242425,0.29411764705882354,0.32608695652173914,0.5714285714285714,0.56,0.47058823529411764,0.25,0.5833333333333334,
