archetype,decks,share,wins,matches,win_rate,ci_low,ci_high
Red Madness,979,0.10533677641489132,872.0,1821,0.47885777045579353,0.4559821114341913,0.5018224421475733
Mono Blue Terror,690,0.07424144609425436,538.0,1078,0.49907235621521334,0.46928118842239075,0.5288701118595671
Grixis Affinity,540,0.058102001291155586,894.0,1746,0.5120274914089347,0.48858073961860576,0.5354214348565899
Red Rally,470,0.050570260383042825,512.0,979,0.5229826353421859,0.49166662518726806,0.5541189891591398
Tron,454,0.04884871960404562,452.0,917,0.49291166848418755,0.4606501861170982,0.525232291398854
Jund Midrange,446,0.04798794921454702,488.0,1017,0.47984267453294,0.44927159065322575,0.5105654637264714
Elves,406,0.043684097267054016,459.0,874,0.5251716247139588,0.49202745328012853,0.5580954926742272
White Aggro,340,0.036582741553690554,379.5,767,0.49478487614080835,0.45951595708507187,0.5301057739364923
Dimir Faeries,328,0.03529158596944265,395.5,760,0.5203947368421052,0.4848633464972865,0.5557209915738648
Gates,321,0.034538411878631374,538.5,980,0.5494897959183673,0.5182061787124983,0.5803869422871966
Spy Combo,319,0.03432321928125672,413.0,706,0.5849858356940509,0.5482760422583982,0.6207757910750885
Jeskai Ephemerate,313,0.03367764148913278,293.0,570,0.5140350877192983,0.4730478365741217,0.5548344290802144
Mono Blue Faeries,300,0.03227888960619755,305.5,579,0.5276338514680483,0.48692112495447304,0.5679823132144942
Gruul Ponza,283,0.030449752528513018,223.0,409,0.5452322738386308,0.4967762897611956,0.5928464920695375
Rakdos Madness,241,0.025930707983645364,316.0,701,0.4507845934379458,0.41431868561577406,0.4877869593763427
Dimir Terror,236,0.025392726490208736,283.5,580,0.48879310344827587,0.44831951323782204,0.5294141680514283
Golgari Garden,229,0.02463955239939746,257.5,514,0.5009727626459144,0.4579010995355591,0.5440299934328569
Aura Bogles,179,0.019259737465031204,171.0,321,0.5327102803738317,0.4780656756083359,0.5865812449920109
Ephemerate Tron,168,0.018076178179470628,173.5,361,0.4806094182825485,0.4295460273464467,0.5320811406762671
Azorius Familiars,136,0.014633096621476221,215.0,406,0.5295566502463054,0.4809562498781962,0.5776029795016485
Ruby Storm,131,0.014095115128039595,158.0,291,0.5429553264604811,0.48553182005639484,0.5992595118507812
Gruul Ramp,121,0.013019152141166343,197.0,390,0.5051282051282051,0.4557000415117596,0.5544563295604021
Mono Black Sacrifice,119,0.012803959543791694,118.0,254,0.4645669291338583,0.40421621123032203,0.5259734484229507
Turbo Fog,93,0.010006455777921239,170.0,337,0.5044510385756676,0.4513216110626337,0.5574801350918586
Tireless Tribe,82,0.008822896492360663,175.0,317,0.5520504731861199,0.49701018448559087,0.6058443534381045
Orzhov Midrange,73,0.007854529804174736,67.0,183,0.366120218579235,0.2997420292342487,0.43800354236755185
Unknown,71,0.007639337206800086,,0,,,
Izzet Terror,66,0.0071013557133634605,63.5,144,0.4409722222222222,0.36245769590447097,0.5225542613053836
Mono Red Burn,65,0.006993759414676135,93.0,176,0.5284090909090909,0.45484205805699174,0.6007624730795161
Golgari Midrange,63,0.006778566817301485,116.0,242,0.4793388429752066,0.41721272533193526,0.5421106530538542
Esper Affinity,60,0.006455777921239509,32.0,61,0.5245901639344263,0.40157156832604957,0.6446951266521131
Altar Tron,58,0.006240585323864859,156.5,278,0.5629496402877698,0.5041762760262845,0.620007015313905
Mono White Heroic,51,0.005487411233053583,69.5,155,0.4483870967741935,0.3722842185264127,0.5269864119960822
Cycle Storm,50,0.005379814934366258,46.0,91,0.5054945054945055,0.40464975238357964,0.6058941596544205
Burn,46,0.004949429739616957,57.0,138,0.41304347826086957,0.33433400387239254,0.49646299871565136
Caw Gates,40,0.004303851947493006,84.0,145,0.5793103448275863,0.4979279681990434,0.6565988697725125
Dimir Affinity,38,0.004088659350118356,50.0,86,0.5813953488372093,0.47584456275189313,0.6799854980499652
Mardu Synthesizer,38,0.004088659350118356,34.0,75,0.4533333333333333,0.34569796305038375,0.5655162623162572
Walls Combo,37,0.00398106305143103,58.0,118,0.4915254237288136,0.40302385756405673,0.5805613685292348
Infect,29,0.0031202926619324296,26.0,64,0.40625,0.2945690917038622,0.528547919665296
Jund Graveyard,27,0.002905100064557779,52.0,103,0.5048543689320388,0.4098754385056689,0.5994842240304916
Mono Red Kiln Fiend,27,0.002905100064557779,8.5,20,0.425,0.2382855101816893,0.6358832638460802
Esper Midrange,24,0.0025823111684958036,18.0,39,0.46153846153846156,0.3156688550440403,0.6143055184171362
WUBR Affinity,22,0.0023671185711211535,14.5,23,0.6304347826086957,0.4282115474486169,0.795323247233538
Dimir Control,20,0.002151925973746503,0.0,7,0.0,0.0,0.35433043867586833
Boros Bully,18,0.001936733376371853,8.0,16,0.5,0.27999563470387406,0.7200043652961259
Slivers,15,0.0016139444803098773,23.0,59,0.3898305084745763,0.27579361754225085,0.5173365829428099
WURG Ephemerate,14,0.001506348181622552,5.0,7,0.7142857142857143,0.3589344495310541,0.9177810767507166
UBRG Proliferate Poison,13,0.001398751882935227,9.0,29,0.3103448275862069,0.17275616661955756,0.49230134377427065
Dimir Midrange,13,0.001398751882935227,26.0,51,0.5098039215686274,0.3768092379650704,0.6414251420167695
Boros Synthesizer,13,0.001398751882935227,35.0,60,0.5833333333333334,0.4572808092532306,0.699357215241065
Jeskai Synthesizer,12,0.0012911555842479018,2.0,4,0.5,0.15003898774401986,0.8499610122559802
Mardu Midrange,12,0.0012911555842479018,9.0,19,0.47368421052631576,0.27329805032541393,0.6829219089514051
Grixis Control,11,0.0011835592855605767,2.0,7,0.2857142857142857,0.08221892324928332,0.6410655504689458
Izzet Control,11,0.0011835592855605767,7.0,30,0.23333333333333334,0.11792388080557861,0.40928326306719587
Temur Control,11,0.0011835592855605767,16.0,34,0.47058823529411764,0.3145150436655354,0.632632871369301
Esper Ephemerate,11,0.0011835592855605767,3.0,8,0.375,0.13684428473912286,0.694257607346229
Boros Midrange,11,0.0011835592855605767,10.0,14,0.7142857142857143,0.45350915474002584,0.8827862143729825
Mono Black Midrange,10,0.0010759629868732515,10.0,34,0.29411764705882354,0.16834630593988026,0.4616890993039748
Sultai Proliferate Poison,10,0.0010759629868732515,11.0,28,0.39285714285714285,0.23565686440826125,0.5759095584001968
Mono Red Graveyard,9,0.0009683666881859264,9.0,24,0.375,0.21159367459047676,0.5729003770473553
Jund Garden,9,0.0009683666881859264,36.0,65,0.5538461538461539,0.4333781858578778,0.6683047260639943
Simic Control,8,0.0008607703894986013,25.0,45,0.5555555555555556,0.41176134385743846,0.6906107006007743
Mono B Devotion,8,0.0008607703894986013,8.0,34,0.23529411764705882,0.12436985469356415,0.3999613806199636
Simic Ramp,8,0.0008607703894986013,4.0,20,0.2,0.08065766201776073,0.41601743409331715
Naya Ramp,8,0.0008607703894986013,6.0,13,0.46153846153846156,0.23206067674961361,0.7085620444143711
Azorius Midrange,7,0.000753174090811276,5.0,18,0.2777777777777778,0.1249975330046966,0.5087265674100965
Dimir Ephemerate,7,0.000753174090811276,13.0,32,0.40625,0.255196347429215,0.5773997525266625
Esper Familiars,7,0.000753174090811276,15.0,31,0.4838709677419355,0.31970251448435416,0.651596046709453
Grixis Terror,7,0.000753174090811276,10.0,19,0.5263157894736842,0.3170780910485948,0.7267019496745859
Rakdos Affinity,7,0.000753174090811276,19.0,29,0.6551724137931034,0.47345103949857975,0.8005928156337425
Abzan Garden,6,0.0006455777921239509,14.0,26,0.5384615384615384,0.3545793861698945,0.7124414658586757
Simic Faeries,6,0.0006455777921239509,14.0,32,0.4375,0.28165331009809136,0.6067440898724937
Izzet Faeries,6,0.0006455777921239509,1.0,4,0.25,0.04558726029536886,0.6993581599030918
Gruul Garden,6,0.0006455777921239509,22.0,37,0.5945945945945946,0.43485964609350425,0.736534819034326
Golgari Linfelink,5,0.0005379814934366257,10.0,25,0.4,0.2340330227270205,0.5926054278250577
Temur Garden,5,0.0005379814934366257,11.0,20,0.55,0.3420853410191274,0.7418021429623598
Rakdos Goblins,5,0.0005379814934366257,6.0,14,0.42857142857142855,0.21380798780428648,0.6740935558247106
Black Burn,5,0.0005379814934366257,7.0,21,0.3333333333333333,0.1719475251228901,0.5462654818728245
Mono White Midrange,5,0.0005379814934366257,9.0,19,0.47368421052631576,0.27329805032541393,0.6829219089514051
Walls Cascade,5,0.0005379814934366257,7.0,12,0.5833333333333334,0.31951131084242423,0.8067396875653928
Golgari Ramp,5,0.0005379814934366257,4.0,12,0.3333333333333333,0.13812009012485987,0.6093779130595061
Mono Red Synthesizer,5,0.0005379814934366257,7.0,15,0.4666666666666667,0.24809535232620925,0.6988302012468901
Azorius Faeries,4,0.00043038519474930065,7.0,16,0.4375,0.23098652281405668,0.6682144375606189
5c Ephemerate,4,0.00043038519474930065,1.0,6,0.16666666666666666,0.030053369411815023,0.5635028250257673
Orzhov Ephemerate,4,0.00043038519474930065,3.0,15,0.2,0.0704754929173392,0.45185448924055305
Simic Graveyard,4,0.00043038519474930065,11.0,22,0.5,0.30722106144268146,0.6927789385573185
Selesnya Linfelink,4,0.00043038519474930065,8.0,17,0.47058823529411764,0.2616510631137911,0.6903676508497769
Reanimator,4,0.00043038519474930065,5.0,14,0.35714285714285715,0.16344731650094954,0.6123557707570447
Jund Ramp,4,0.00043038519474930065,,0,,,
Jeskai Familiars,4,0.00043038519474930065,,0,,,
Cat Altar,4,0.00043038519474930065,,0,,,
Rakdos Midrange,4,0.00043038519474930065,4.0,7,0.5714285714285714,0.25045836275303557,0.8417801460075546
Sultai Ephemerate,3,0.00032278889606197545,1.0,5,0.2,0.03622410822563066,0.6244653729700049
Izzet Affinity,3,0.00032278889606197545,9.0,22,0.4090909090909091,0.23255816086354597,0.6126518167010261
Mono Black Pestilence,3,0.00032278889606197545,3.0,11,0.2727272727272727,0.09746059213308628,0.5656453033189257
Mono Green Ramp,3,0.00032278889606197545,4.0,8,0.5,0.21521606069626764,0.7847839393037324
Walls,3,0.00032278889606197545,2.0,3,0.6666666666666666,0.2076595988078242,0.9385080559790691
Azorius Affinity,3,0.00032278889606197545,3.0,10,0.3,0.10779126655639398,0.6032218546540291
Mardu Ephemerate,3,0.00032278889606197545,3.0,15,0.2,0.0704754929173392,0.45185448924055305
Sultai Control,3,0.00032278889606197545,8.0,14,0.5714285714285714,0.3259064441752893,0.7861920121957136
Simic Slime,3,0.00032278889606197545,3.0,11,0.2727272727272727,0.09746059213308628,0.5656453033189257
Serpentine Curve,3,0.00032278889606197545,8.0,17,0.47058823529411764,0.2616510631137911,0.6903676508497769
Mono White Ephemerate,2,0.00021519259737465033,2.0,10,0.2,0.05668215093776685,0.5098375308778678
Bant Ephemerate,2,0.00021519259737465033,6.0,13,0.46153846153846156,0.23206067674961361,0.7085620444143711
Boros Burn,2,0.00021519259737465033,3.0,6,0.5,0.18761630498040816,0.8123836950195918
Zubera Storm,2,0.00021519259737465033,1.0,8,0.125,0.022417491199971912,0.47088818505608376
WUBR Synthesizer,2,0.00021519259737465033,2.0,3,0.6666666666666666,0.2076595988078242,0.9385080559790691
Tortex,2,0.00021519259737465033,5.0,9,0.5555555555555556,0.26665129180087416,0.8112214802294544
Esper Control,2,0.00021519259737465033,2.0,6,0.3333333333333333,0.09677141021353453,0.7000066870052566
Mardu Affinity,2,0.00021519259737465033,2.0,5,0.4,0.11762077314099711,0.7692757205908813
Golgari Ponza,2,0.00021519259737465033,3.0,4,0.75,0.3006418400969081,0.954412739704631
Grixis Midrange,2,0.00021519259737465033,3.0,6,0.5,0.18761630498040816,0.8123836950195918
Mono Black Affinity,2,0.00021519259737465033,0.0,1,0.0,0.0,0.7934506882081973
Grixis Ephemerate,2,0.00021519259737465033,6.0,11,0.5454545454545454,0.2800915357859759,0.7872872851236217
Mono Green Garden,2,0.00021519259737465033,4.0,6,0.6666666666666666,0.29999331299474324,0.9032285897864654
Sultai Terror,2,0.00021519259737465033,1.0,3,0.3333333333333333,0.06149194402093078,0.7923404011921757
Sultai Faeries,2,0.00021519259737465033,3.0,6,0.5,0.18761630498040816,0.8123836950195918
Temur Ramp,2,0.00021519259737465033,8.0,15,0.5333333333333333,0.3011697987531101,0.751904647673791
Abzan Linfelink,1,0.00010759629868732516,2.0,4,0.5,0.15003898774401986,0.8499610122559802
Boros Heroic,1,0.00010759629868732516,0.0,2,0.0,0.0,0.6576197760453506
Bant Familiars,1,0.00010759629868732516,3.0,5,0.6,0.23072427940911855,0.8823792268590028
Azorius Ephemerate,1,0.00010759629868732516,0.0,2,0.0,0.0,0.6576197760453506
Mono Blue Control,1,0.00010759629868732516,0.0,4,0.0,0.0,0.4898908403969213
Grixis Faeries,1,0.00010759629868732516,,0,,,
Golgari Graveyard,1,0.00010759629868732516,,0,,,
Jeskai Midrange,1,0.00010759629868732516,,0,,,
Gruul Synthesizer,1,0.00010759629868732516,1.0,3,0.3333333333333333,0.06149194402093078,0.7923404011921757
Izzet Kiln Fiend,1,0.00010759629868732516,1.0,4,0.25,0.04558726029536886,0.6993581599030918
Jeskai Faeries,1,0.00010759629868732516,0.0,2,0.0,0.0,0.6576197760453506
Jund Pestilence,1,0.00010759629868732516,4.0,7,0.5714285714285714,0.25045836275303557,0.8417801460075546
Gruul Midrange,1,0.00010759629868732516,2.0,4,0.5,0.15003898774401986,0.8499610122559802
Mono Green Linfelink,1,0.00010759629868732516,3.0,4,0.75,0.3006418400969081,0.954412739704631
Simic Bogles,1,0.00010759629868732516,2.0,8,0.25,0.07147921209795555,0.5907245720727483
Rakdos Synthesizer,1,0.00010759629868732516,,0,,,
Rakdos Graveyard,1,0.00010759629868732516,0.0,2,0.0,0.0,0.6576197760453506
Rakdos Burn,1,0.00010759629868732516,4.0,9,0.4444444444444444,0.18877851977054566,0.7333487081991259
Selesnya Ramp,1,0.00010759629868732516,5.0,8,0.625,0.30574239265377096,0.8631557152608771
Sultai Midrange,1,0.00010759629868732516,3.0,8,0.375,0.13684428473912286,0.694257607346229
Sultai Garden,1,0.00010759629868732516,0.0,4,0.0,0.0,0.4898908403969213
Temur Midrange,1,0.00010759629868732516,1.0,3,0.3333333333333333,0.06149194402093078,0.7923404011921757
Sultai Affinity,1,0.00010759629868732516,0.0,3,0.0,0.0,0.5614970356393196
WUBR Ephemerate,1,0.00010759629868732516,,0,,,
UBRG Midrange,1,0.00010759629868732516,,0,,,
UBRG Control,1,0.00010759629868732516,3.0,4,0.75,0.3006418400969081,0.954412739704631
WBRG Midrange,1,0.00010759629868732516,2.0,8,0.25,0.07147921209795555,0.5907245720727483
UBRG Ephemerate,1,0.00010759629868732516,3.0,6,0.5,0.18761630498040816,0.8123836950195918
WUBR Midrange,1,0.00010759629868732516,1.0,2,0.5,0.09453120463920084,0.9054687953607992
