archetype,Red Madness,Mono Blue Terror,Grixis Affinity,Red Rally,Tron,Jund Midrange,Elves,White Aggro,Dimir Faeries,Gates,Spy Combo,Jeskai Ephemerate,Mono Blue Faeries,Gruul Ponza,Rakdos Madness
Red Madness,,0.35,0.37640449438202245,0.2608695652173913,0.5444444444444444,0.686046511627907,0.7183098591549296,0.4074074074074074,0.5,0.36752136752136755,0.5068493150684932,0.38095238095238093,0.5,0.6097560975609756,0.3269230769230769
Mono Blue Terror,0.65,,0.5048543689320388,0.48936170212765956,0.6181818181818182,0.5409836065573771,0.4375,0.2894736842105263,0.28125,0.28888888888888886,0.475,0.4358974358974359,0.45454545454545453,0.43478260869565216,0.4375
Grixis Affinity,0.6235955056179775,0.49514563106796117,,0.5443037974683544,0.35802469135802467,0.37745098039215685,0.425,0.5423728813559322,0.6052631578947368,0.38235294117647056,0.5070422535211268,0.6530612244897959,0.5357142857142857,0.46875,0.5
Red Rally,0.7391304347826086,0.5106382978723404,0.45569620253164556,,0.4897959183673469,0.5333333333333333,0.5,0.3469387755102041,0.4878048780487805,0.4358974358974359,0.2692307692307692,0.6206896551724138,0.4074074074074074,0.5,0.6744186046511628
Tron,0.45555555555555555,0.38181818181818183,0.6419753086419753,0.5102040816326531,,0.47368421052631576,0.2222222222222222,0.6060606060606061,0.5,0.7241379310344828,0.34375,0.5555555555555556,0.5714285714285714,0.2,0.7297297297297297
Jund Midrange,0.313953488372093,0.45901639344262296,0.6225490196078431,0.4666666666666667,0.5263157894736842,,0.44642857142857145,0.4318181818181818,0.4444444444444444,0.45652173913043476,0.5789473684210527,0.6296296296296297,0.4,0.5,0.5428571428571428
Elves,0.28169014084507044,0.5625,0.575,0.5,0.7777777777777778,0.5535714285714286,,0.6046511627906976,0.53125,0.42857142857142855,0.5,0.3157894736842105,0.6666666666666666,0.7857142857142857,0.47368421052631576
White Aggro,0.5925925925925926,0.7105263157894737,0.4576271186440678,0.6530612244897959,0.3939393939393939,0.5681818181818182,0.3953488372093023,,0.41935483870967744,0.48,0.2,0.4782608695652174,0.5263157894736842,0.4166666666666667,0.6923076923076923
Dimir Faeries,0.5,0.71875,0.39473684210526316,0.5121951219512195,0.5,0.5555555555555556,0.46875,0.5806451612903226,,0.46875,0.2777777777777778,0.5555555555555556,0.631578947368421,0.25,0.5714285714285714
Gates,0.6324786324786325,0.7111111111111111,0.6176470588235294,0.5641025641025641,0.27586206896551724,0.5434782608695652,0.5714285714285714,0.52,0.53125,,0.4146341463414634,0.3333333333333333,0.48,0.4,0.7407407407407407
Spy Combo,0.4931506849315068,0.525,0.49295774647887325,0.7307692307692307,0.65625,0.42105263157894735,0.5,0.8,0.7222222222222222,0.5853658536585366,,0.52,0.29411764705882354,0.6428571428571429,0.7
Jeskai Ephemerate,0.6190476190476191,0.5641025641025641,0.3469387755102041,0.3793103448275862,0.4444444444444444,0.37037037037037035,0.6842105263157895,0.5217391304347826,0.4444444444444444,0.6666666666666666,0.48,,0.38461538461538464,0.36363636363636365,0.35714285714285715
Mono Blue Faeries,0.5,0.5454545454545454,0.4642857142857143,0.5925925925925926,0.42857142857142855,0.6,0.3333333333333333,0.47368421052631576,0.3684210526315789,0.52,0.7058823529411765,0.6153846153846154,,0.42857142857142855,0.6666666666666666
Gruul Ponza,0.3902439024390244,0.5652173913043478,0.53125,0.5,0.8,0.5,0.21428571428571427,0.5833333333333334,0.75,0.6,0.35714285714285715,0.6363636363636364,0.5714285714285714,,0.6875
Rakdos Madness,0.6730769230769231,0.5625,0.5,0.32558139534883723,0.2702702702702703,0.45714285714285713,0.5263157894736842,0.3076923076923077,0.42857142857142855,0.25925925925925924,0.3,0.6428571428571429,0.3333333333333333,0.3125,
