archetype,Red Madness,Mono Blue Terror,Tron,Jund Midrange,Red Rally,Elves,Grixis Affinity,Gruul Ponza,Jeskai Ephemerate,Spy Combo,Dimir Faeries,Mono Blue Faeries,White Aggro,Gates,Dimir Terror
Red Madness,,0.29411764705882354,0.6,0.7857142857142857,0.2,0.9090909090909091,0.5833333333333334,0.6666666666666666,0.4,0.75,0.5714285714285714,0.4090909090909091,0.5714285714285714,0.3333333333333333,0.0
Mono Blue Terror,0.7058823529411765,,0.8181818181818182,0.5,0.3333333333333333,0.25,0.5714285714285714,0.5714285714285714,0.3,1.0,1.0,0.25,0.25,0.25,
Tron,0.4,0.18181818181818182,,0.5,1.0,0.0,0.4,0.5,1.0,,0.5,0.0,0.5,1.0,0.6
Jund Midrange,0.21428571428571427,0.5,0.5,,0.0,0.75,1.0,0.5,,1.0,,1.0,0.0,0.5,1.0
Red Rally,0.8,0.6666666666666666,0.0,1.0,,,0.0,0.0,0.5,0.0,0.0,,0.6666666666666666,0.5,1.0
Elves,0.09090909090909091,0.75,1.0,0.25,,,0.75,1.0,,0.6666666666666666,0.0,0.5,0.0,,0.0
Grixis Affinity,0.4166666666666667,0.42857142857142855,0.6,0.0,1.0,0.25,,0.5,1.0,1.0,1.0,0.25,0.25,0.0,0.25
Gruul Ponza,0.3333333333333333,0.42857142857142855,0.5,0.5,1.0,0.0,0.5,,,,1.0,1.0,,0.5,
Jeskai Ephemerate,0.6,0.7,0.0,,0.5,,0.0,,,1.0,,,0.0,0.75,0.3333333333333333
Spy Combo,0.25,0.0,,0.0,1.0,0.3333333333333333,0.0,,0.0,,0.0,,,0.5,
Dimir Faeries,0.42857142857142855,0.0,0.5,,1.0,1.0,0.0,0.0,,1.0,,1.0,0.0,0.5,0.0
Mono Blue Faeries,0.5909090909090909,0.75,1.0,0.0,,0.5,0.75,0.0,,,0.0,,0.0,0.0,
White Aggro,0.42857142857142855,0.75,0.5,1.0,0.3333333333333333,1.0,0.75,,1.0,,1.0,1.0,,0.0,
Gates,0.6666666666666666,0.75,0.0,0.5,0.5,,1.0,0.5,0.25,0.5,0.5,1.0,1.0,,1.0
Dimir Terror,1.0,,0.4,0.0,0.0,1.0,0.75,,0.6666666666666666,,1.0,,,0.0,
