archetype,opp_archetype,wins,matches,win_rate,ci_low,ci_high
Aura Bogles,Grixis Affinity,2.0,5,0.4,0.11762077314099711,0.7692757205908813
Aura Bogles,White Aggro,3.0,5,0.6,0.23072427940911855,0.8823792268590028
Aura Bogles,Gruul Ponza,1.0,4,0.25,0.04558726029536886,0.6993581599030918
Aura Bogles,Mono Blue Terror,3.0,4,0.75,0.3006418400969081,0.954412739704631
Aura Bogles,Elves,0.0,3,0.0,0.0,0.5614970356393196
Aura Bogles,Golgari Midrange,3.0,3,1.0,0.43850296436068037,1.0
Aura Bogles,Gruul Ramp,3.0,3,1.0,0.43850296436068037,1.0
Aura Bogles,Red Madness,2.0,3,0.6666666666666666,0.2076595988078242,0.9385080559790691
Aura Bogles,Dimir Faeries,1.0,2,0.5,0.09453120463920084,0.9054687953607992
Aura Bogles,Esper Affinity,2.0,2,1.0,0.3423802239546494,1.0
Aura Bogles,Golgari Garden,0.0,2,0.0,0.0,0.6576197760453506
Aura Bogles,Jund Midrange,1.0,2,0.5,0.09453120463920084,0.9054687953607992
Aura Bogles,Red Rally,1.0,1,1.0,0.2065493117918027,1.0
Aura Bogles,Ruby Storm,1.0,1,1.0,0.2065493117918027,1.0
Aura Bogles,Turbo Fog,1.0,1,1.0,0.2065493117918027,1.0
Azorius Affinity,Red Madness,0.0,1,0.0,0.0,0.7934506882081973
Azorius Familiars,Golgari Garden,2.0,2,1.0,0.3423802239546494,1.0
Azorius Familiars,Jeskai Ephemerate,0.0,2,0.0,0.0,0.6576197760453506
Azorius Familiars,Jund Midrange,1.0,2,0.5,0.09453120463920084,0.9054687953607992
Azorius Familiars,Red Madness,2.0,2,1.0,0.3423802239546494,1.0
Azorius Familiars,Dimir Faeries,0.0,1,0.0,0.0,0.7934506882081973
Azorius Familiars,Dimir Terror,0.0,1,0.0,0.0,0.7934506882081973
Azorius Familiars,Gates,1.0,1,1.0,0.2065493117918027,1.0
Azorius Familiars,Grixis Affinity,0.0,1,0.0,0.0,0.7934506882081973
Azorius Familiars,Mono Blue Faeries,0.0,1,0.0,0.0,0.7934506882081973
Azorius Familiars,Red Rally,1.0,1,1.0,0.2065493117918027,1.0
Burn,Gruul Ponza,2.0,2,1.0,0.3423802239546494,1.0
Burn,White Aggro,0.0,2,0.0,0.0,0.6576197760453506
Burn,Esper Affinity,0.0,1,0.0,0.0,0.7934506882081973
Caw Gates,Red Madness,0.0,1,0.0,0.0,0.7934506882081973
Cycle Storm,Red Madness,0.0,1,0.0,0.0,0.7934506882081973
Dimir Affinity,Spy Combo,0.0,1,0.0,0.0,0.7934506882081973
Dimir Faeries,Red Madness,3.0,7,0.42857142857142855,0.15821985399244537,0.7495416372469643
Dimir Faeries,Gates,2.0,4,0.5,0.15003898774401986,0.8499610122559802
Dimir Faeries,Tron,2.0,4,0.5,0.15003898774401986,0.8499610122559802
Dimir Faeries,Gruul Ponza,0.0,3,0.0,0.0,0.5614970356393196
Dimir Faeries,Red Rally,3.0,3,1.0,0.43850296436068037,1.0
Dimir Faeries,Aura Bogles,1.0,2,0.5,0.09453120463920084,0.9054687953607992
Dimir Faeries,Elves,2.0,2,1.0,0.3423802239546494,1.0
Dimir Faeries,Grixis Affinity,0.0,2,0.0,0.0,0.6576197760453506
Dimir Faeries,White Aggro,0.0,2,0.0,0.0,0.6576197760453506
Dimir Faeries,Azorius Familiars,1.0,1,1.0,0.2065493117918027,1.0
Dimir Faeries,Dimir Terror,0.0,1,0.0,0.0,0.7934506882081973
Dimir Faeries,Esper Affinity,0.0,1,0.0,0.0,0.7934506882081973
Dimir Faeries,Grixis Control,0.0,1,0.0,0.0,0.7934506882081973
Dimir Faeries,Mono Blue Faeries,1.0,1,1.0,0.2065493117918027,1.0
Dimir Faeries,Mono Blue Terror,0.0,1,0.0,0.0,0.7934506882081973
Dimir Faeries,Mono Red Kiln Fiend,1.0,1,1.0,0.2065493117918027,1.0
Dimir Faeries,Spy Combo,1.0,1,1.0,0.2065493117918027,1.0
Dimir Faeries,Tireless Tribe,1.0,1,1.0,0.2065493117918027,1.0
Dimir Faeries,WUBR Affinity,0.0,1,0.0,0.0,0.7934506882081973
Dimir Faeries,Walls Combo,1.0,1,1.0,0.2065493117918027,1.0
Dimir Terror,Tron,2.0,5,0.4,0.11762077314099711,0.7692757205908813
Dimir Terror,Grixis Affinity,3.0,4,0.75,0.3006418400969081,0.954412739704631
Dimir Terror,Red Madness,4.0,4,1.0,0.5101091596030786,0.9999999999999999
Dimir Terror,Gates,0.0,3,0.0,0.0,0.5614970356393196
Dimir Terror,Jeskai Ephemerate,2.0,3,0.6666666666666666,0.2076595988078242,0.9385080559790691
Dimir Terror,Elves,2.0,2,1.0,0.3423802239546494,1.0
Dimir Terror,Azorius Familiars,1.0,1,1.0,0.2065493117918027,1.0
Dimir Terror,Dimir Faeries,1.0,1,1.0,0.2065493117918027,1.0
Dimir Terror,Golgari Garden,0.0,1,0.0,0.0,0.7934506882081973
Dimir Terror,Jund Midrange,0.0,1,0.0,0.0,0.7934506882081973
Dimir Terror,Red Rally,0.0,1,0.0,0.0,0.7934506882081973
Elves,Red Madness,1.0,11,0.09090909090909091,0.016232172705325593,0.3773584391082959
Elves,Mono Blue Faeries,3.0,6,0.5,0.18761630498040816,0.8123836950195918
Elves,Golgari Garden,1.0,4,0.25,0.04558726029536886,0.6993581599030918
Elves,Grixis Affinity,3.0,4,0.75,0.3006418400969081,0.954412739704631
Elves,Gruul Ponza,4.0,4,1.0,0.5101091596030786,0.9999999999999999
Elves,Jund Midrange,1.0,4,0.25,0.04558726029536886,0.6993581599030918
Elves,Mono Blue Terror,3.0,4,0.75,0.3006418400969081,0.954412739704631
Elves,Tron,4.0,4,1.0,0.5101091596030786,0.9999999999999999
Elves,Aura Bogles,3.0,3,1.0,0.43850296436068037,1.0
Elves,Spy Combo,2.0,3,0.6666666666666666,0.2076595988078242,0.9385080559790691
Elves,Dimir Faeries,0.0,2,0.0,0.0,0.6576197760453506
Elves,Dimir Terror,0.0,2,0.0,0.0,0.6576197760453506
Elves,Esper Affinity,2.0,2,1.0,0.3423802239546494,1.0
Elves,Ruby Storm,0.0,2,0.0,0.0,0.6576197760453506
Elves,WUBR Affinity,1.0,2,0.5,0.09453120463920084,0.9054687953607992
Elves,Gruul Ramp,0.0,1,0.0,0.0,0.7934506882081973
Elves,Mono Red Kiln Fiend,0.0,1,0.0,0.0,0.7934506882081973
Elves,White Aggro,0.0,1,0.0,0.0,0.7934506882081973
Ephemerate Tron,Grixis Affinity,0.0,1,0.0,0.0,0.7934506882081973
Ephemerate Tron,Mono Blue Terror,1.0,1,1.0,0.2065493117918027,1.0
Ephemerate Tron,Red Madness,1.0,1,1.0,0.2065493117918027,1.0
Ephemerate Tron,Spy Combo,0.0,1,0.0,0.0,0.7934506882081973
Esper Affinity,Aura Bogles,0.0,2,0.0,0.0,0.6576197760453506
Esper Affinity,Elves,0.0,2,0.0,0.0,0.6576197760453506
Esper Affinity,Burn,1.0,1,1.0,0.2065493117918027,1.0
Esper Affinity,Dimir Faeries,1.0,1,1.0,0.2065493117918027,1.0
Esper Affinity,Gruul Ponza,1.0,1,1.0,0.2065493117918027,1.0
Esper Affinity,Gruul Ramp,1.0,1,1.0,0.2065493117918027,1.0
Esper Affinity,Mardu Synthesizer,0.0,1,0.0,0.0,0.7934506882081973
Esper Affinity,Red Madness,1.0,1,1.0,0.2065493117918027,1.0
Esper Affinity,Red Rally,1.0,1,1.0,0.2065493117918027,1.0
Esper Affinity,White Aggro,1.0,1,1.0,0.2065493117918027,1.0
Esper Midrange,Golgari Midrange,1.0,1,1.0,0.2065493117918027,1.0
Esper Midrange,Grixis Control,1.0,1,1.0,0.2065493117918027,1.0
Esper Midrange,Red Madness,1.0,1,1.0,0.2065493117918027,1.0
Esper Midrange,Tron,1.0,1,1.0,0.2065493117918027,1.0
Esper Midrange,WUBR Synthesizer,0.0,1,0.0,0.0,0.7934506882081973
Gates,Dimir Faeries,2.0,4,0.5,0.15003898774401986,0.8499610122559802
Gates,Jeskai Ephemerate,1.0,4,0.25,0.04558726029536886,0.6993581599030918
Gates,Mono Blue Terror,3.0,4,0.75,0.3006418400969081,0.954412739704631
Gates,Red Rally,2.0,4,0.5,0.15003898774401986,0.8499610122559802
Gates,Dimir Terror,3.0,3,1.0,0.43850296436068037,1.0
Gates,Red Madness,2.0,3,0.6666666666666666,0.2076595988078242,0.9385080559790691
Gates,Golgari Garden,1.0,2,0.5,0.09453120463920084,0.9054687953607992
Gates,Gruul Ponza,1.0,2,0.5,0.09453120463920084,0.9054687953607992
Gates,Jund Midrange,1.0,2,0.5,0.09453120463920084,0.9054687953607992
Gates,Spy Combo,1.0,2,0.5,0.09453120463920084,0.9054687953607992
Gates,Azorius Familiars,0.0,1,0.0,0.0,0.7934506882081973
Gates,Grixis Affinity,1.0,1,1.0,0.2065493117918027,1.0
Gates,Mono Blue Faeries,1.0,1,1.0,0.2065493117918027,1.0
Gates,Mono Red Burn,1.0,1,1.0,0.2065493117918027,1.0
Gates,Ruby Storm,1.0,1,1.0,0.2065493117918027,1.0
Gates,Tron,0.0,1,0.0,0.0,0.7934506882081973
Gates,Walls Combo,0.0,1,0.0,0.0,0.7934506882081973
Gates,White Aggro,1.0,1,1.0,0.2065493117918027,1.0
Golgari Garden,Mono Blue Terror,8.0,9,0.8888888888888888,0.565000291629209,0.9801091125830901
Golgari Garden,Elves,3.0,4,0.75,0.3006418400969081,0.954412739704631
Golgari Garden,Gruul Ponza,2.0,4,0.5,0.15003898774401986,0.8499610122559802
Golgari Garden,Red Madness,3.0,4,0.75,0.3006418400969081,0.954412739704631
Golgari Garden,Rakdos Madness,1.0,3,0.3333333333333333,0.06149194402093078,0.7923404011921757
Golgari Garden,White Aggro,3.0,3,1.0,0.43850296436068037,1.0
Golgari Garden,Aura Bogles,2.0,2,1.0,0.3423802239546494,1.0
Golgari Garden,Azorius Familiars,0.0,2,0.0,0.0,0.6576197760453506
Golgari Garden,Gates,1.0,2,0.5,0.09453120463920084,0.9054687953607992
Golgari Garden,Jund Midrange,1.0,2,0.5,0.09453120463920084,0.9054687953607992
Golgari Garden,Mono Blue Faeries,0.0,2,0.0,0.0,0.6576197760453506
Golgari Garden,Tron,1.0,2,0.5,0.09453120463920084,0.9054687953607992
Golgari Garden,WUBR Affinity,0.0,2,0.0,0.0,0.6576197760453506
Golgari Garden,Dimir Terror,1.0,1,1.0,0.2065493117918027,1.0
Golgari Garden,Grixis Affinity,1.0,1,1.0,0.2065493117918027,1.0
Golgari Garden,Jeskai Ephemerate,0.0,1,0.0,0.0,0.7934506882081973
Golgari Garden,Red Rally,0.0,1,0.0,0.0,0.7934506882081973
Golgari Midrange,Aura Bogles,0.0,3,0.0,0.0,0.5614970356393196
Golgari Midrange,Esper Midrange,0.0,1,0.0,0.0,0.7934506882081973
Grixis Affinity,Mono Blue Terror,6.0,14,0.42857142857142855,0.21380798780428648,0.6740935558247106
Grixis Affinity,Red Madness,5.0,12,0.4166666666666667,0.1932603124346072,0.6804886891575758
Grixis Affinity,Aura Bogles,3.0,5,0.6,0.23072427940911855,0.8823792268590028
Grixis Affinity,Tron,3.0,5,0.6,0.23072427940911855,0.8823792268590028
Grixis Affinity,Dimir Terror,1.0,4,0.25,0.04558726029536886,0.6993581599030918
Grixis Affinity,Elves,1.0,4,0.25,0.04558726029536886,0.6993581599030918
Grixis Affinity,Gruul Ponza,2.0,4,0.5,0.15003898774401986,0.8499610122559802
Grixis Affinity,Gruul Ramp,2.0,4,0.5,0.15003898774401986,0.8499610122559802
Grixis Affinity,Mono Blue Faeries,1.0,4,0.25,0.04558726029536886,0.6993581599030918
Grixis Affinity,White Aggro,1.0,4,0.25,0.04558726029536886,0.6993581599030918
Grixis Affinity,Jund Midrange,0.0,3,0.0,0.0,0.5614970356393196
Grixis Affinity,Dimir Faeries,2.0,2,1.0,0.3423802239546494,1.0
Grixis Affinity,Red Rally,2.0,2,1.0,0.3423802239546494,1.0
Grixis Affinity,Azorius Familiars,1.0,1,1.0,0.2065493117918027,1.0
Grixis Affinity,Ephemerate Tron,1.0,1,1.0,0.2065493117918027,1.0
Grixis Affinity,Gates,0.0,1,0.0,0.0,0.7934506882081973
Grixis Affinity,Golgari Garden,0.0,1,0.0,0.0,0.7934506882081973
Grixis Affinity,Jeskai Ephemerate,1.0,1,1.0,0.2065493117918027,1.0
Grixis Affinity,Spy Combo,1.0,1,1.0,0.2065493117918027,1.0
Grixis Control,Gruul Ponza,0.0,3,0.0,0.0,0.5614970356393196
Grixis Control,Red Madness,1.0,2,0.5,0.09453120463920084,0.9054687953607992
Grixis Control,Dimir Faeries,1.0,1,1.0,0.2065493117918027,1.0
Grixis Control,Esper Midrange,0.0,1,0.0,0.0,0.7934506882081973
Gruul Ponza,Red Madness,4.0,12,0.3333333333333333,0.13812009012485987,0.6093779130595061
Gruul Ponza,Mono Blue Terror,3.0,7,0.42857142857142855,0.15821985399244537,0.7495416372469643
Gruul Ponza,Aura Bogles,3.0,4,0.75,0.3006418400969081,0.954412739704631
Gruul Ponza,Elves,0.0,4,0.0,0.0,0.4898908403969213
Gruul Ponza,Golgari Garden,2.0,4,0.5,0.15003898774401986,0.8499610122559802
Gruul Ponza,Grixis Affinity,2.0,4,0.5,0.15003898774401986,0.8499610122559802
Gruul Ponza,Jund Midrange,2.0,4,0.5,0.15003898774401986,0.8499610122559802
Gruul Ponza,Tron,2.0,4,0.5,0.15003898774401986,0.8499610122559802
Gruul Ponza,Dimir Faeries,3.0,3,1.0,0.43850296436068037,1.0
Gruul Ponza,Grixis Control,3.0,3,1.0,0.43850296436068037,1.0
Gruul Ponza,Burn,0.0,2,0.0,0.0,0.6576197760453506
Gruul Ponza,Gates,1.0,2,0.5,0.09453120463920084,0.9054687953607992
Gruul Ponza,Mono Blue Faeries,2.0,2,1.0,0.3423802239546494,1.0
Gruul Ponza,Red Rally,2.0,2,1.0,0.3423802239546494,1.0
Gruul Ponza,Esper Affinity,0.0,1,0.0,0.0,0.7934506882081973
Gruul Ramp,Grixis Affinity,2.0,4,0.5,0.15003898774401986,0.8499610122559802
Gruul Ramp,Red Madness,0.0,4,0.0,0.0,0.4898908403969213
Gruul Ramp,Aura Bogles,0.0,3,0.0,0.0,0.5614970356393196
Gruul Ramp,Jund Midrange,0.0,2,0.0,0.0,0.6576197760453506
Gruul Ramp,Mono Blue Faeries,2.0,2,1.0,0.3423802239546494,1.0
Gruul Ramp,Mono Blue Terror,2.0,2,1.0,0.3423802239546494,1.0
Gruul Ramp,Elves,1.0,1,1.0,0.2065493117918027,1.0
Gruul Ramp,Esper Affinity,0.0,1,0.0,0.0,0.7934506882081973
Jeskai Ephemerate,Mono Blue Terror,7.0,10,0.7,0.3967781453459709,0.892208733443606
Jeskai Ephemerate,Red Madness,6.0,10,0.6,0.3126737679211953,0.831819671473593
Jeskai Ephemerate,Gates,3.0,4,0.75,0.3006418400969081,0.954412739704631
Jeskai Ephemerate,Red Rally,2.0,4,0.5,0.15003898774401986,0.8499610122559802
Jeskai Ephemerate,Dimir Terror,1.0,3,0.3333333333333333,0.06149194402093078,0.7923404011921757
Jeskai Ephemerate,Tron,0.0,3,0.0,0.0,0.5614970356393196
Jeskai Ephemerate,White Aggro,0.0,3,0.0,0.0,0.5614970356393196
Jeskai Ephemerate,Azorius Familiars,2.0,2,1.0,0.3423802239546494,1.0
Jeskai Ephemerate,Golgari Garden,1.0,1,1.0,0.2065493117918027,1.0
Jeskai Ephemerate,Grixis Affinity,0.0,1,0.0,0.0,0.7934506882081973
Jeskai Ephemerate,Mono Black Sacrifice,1.0,1,1.0,0.2065493117918027,1.0
Jeskai Ephemerate,Mono Red Kiln Fiend,0.0,1,0.0,0.0,0.7934506882081973
Jeskai Ephemerate,Spy Combo,1.0,1,1.0,0.2065493117918027,1.0
Jeskai Ephemerate,Walls Combo,0.0,1,0.0,0.0,0.7934506882081973
Jund Midrange,Red Madness,3.0,14,0.21428571428571427,0.07571386653293533,0.4758923079830535
Jund Midrange,Mono Blue Terror,6.0,12,0.5,0.25378159616252394,0.7462184038374761
Jund Midrange,Red Rally,0.0,7,0.0,0.0,0.35433043867586833
Jund Midrange,Tron,3.0,6,0.5,0.18761630498040816,0.8123836950195918
Jund Midrange,Elves,3.0,4,0.75,0.3006418400969081,0.954412739704631
Jund Midrange,Gruul Ponza,2.0,4,0.5,0.15003898774401986,0.8499610122559802
Jund Midrange,Grixis Affinity,3.0,3,1.0,0.43850296436068037,1.0
Jund Midrange,Aura Bogles,1.0,2,0.5,0.09453120463920084,0.9054687953607992
Jund Midrange,Azorius Familiars,1.0,2,0.5,0.09453120463920084,0.9054687953607992
Jund Midrange,Gates,1.0,2,0.5,0.09453120463920084,0.9054687953607992
Jund Midrange,Golgari Garden,1.0,2,0.5,0.09453120463920084,0.9054687953607992
Jund Midrange,Gruul Ramp,2.0,2,1.0,0.3423802239546494,1.0
Jund Midrange,Orzhov Midrange,2.0,2,1.0,0.3423802239546494,1.0
Jund Midrange,Dimir Terror,1.0,1,1.0,0.2065493117918027,1.0
Jund Midrange,Mono Blue Faeries,1.0,1,1.0,0.2065493117918027,1.0
Jund Midrange,Rakdos Madness,1.0,1,1.0,0.2065493117918027,1.0
Jund Midrange,Spy Combo,1.0,1,1.0,0.2065493117918027,1.0
Jund Midrange,White Aggro,0.0,1,0.0,0.0,0.7934506882081973
Mardu Synthesizer,Red Madness,2.0,2,1.0,0.3423802239546494,1.0
Mardu Synthesizer,Esper Affinity,1.0,1,1.0,0.2065493117918027,1.0
Mono Black Sacrifice,Jeskai Ephemerate,0.0,1,0.0,0.0,0.7934506882081973
Mono Blue Faeries,Red Madness,13.0,22,0.5909090909090909,0.387348183298974,0.7674418391364541
Mono Blue Faeries,Elves,3.0,6,0.5,0.18761630498040816,0.8123836950195918
Mono Blue Faeries,Grixis Affinity,3.0,4,0.75,0.3006418400969081,0.954412739704631
Mono Blue Faeries,Mono Blue Terror,3.0,4,0.75,0.3006418400969081,0.954412739704631
Mono Blue Faeries,Tron,4.0,4,1.0,0.5101091596030786,0.9999999999999999
Mono Blue Faeries,Golgari Garden,2.0,2,1.0,0.3423802239546494,1.0
Mono Blue Faeries,Gruul Ponza,0.0,2,0.0,0.0,0.6576197760453506
Mono Blue Faeries,Gruul Ramp,0.0,2,0.0,0.0,0.6576197760453506
Mono Blue Faeries,White Aggro,0.0,2,0.0,0.0,0.6576197760453506
Mono Blue Faeries,Azorius Familiars,1.0,1,1.0,0.2065493117918027,1.0
Mono Blue Faeries,Dimir Faeries,0.0,1,0.0,0.0,0.7934506882081973
Mono Blue Faeries,Gates,0.0,1,0.0,0.0,0.7934506882081973
Mono Blue Faeries,Jund Midrange,0.0,1,0.0,0.0,0.7934506882081973
Mono Blue Faeries,Orzhov Midrange,1.0,1,1.0,0.2065493117918027,1.0
Mono Blue Faeries,Rakdos Madness,1.0,1,1.0,0.2065493117918027,1.0
Mono Blue Terror,Red Madness,12.0,17,0.7058823529411765,0.46866889751771845,0.8672001047373057
Mono Blue Terror,Grixis Affinity,8.0,14,0.5714285714285714,0.3259064441752893,0.7861920121957136
Mono Blue Terror,Jund Midrange,6.0,12,0.5,0.25378159616252394,0.7462184038374761
Mono Blue Terror,Tron,9.0,11,0.8181818181818182,0.5230194356457672,0.9486323107214162
Mono Blue Terror,Jeskai Ephemerate,3.0,10,0.3,0.10779126655639398,0.6032218546540291
Mono Blue Terror,Golgari Garden,1.0,9,0.1111111111111111,0.01989088741690992,0.4349997083707909
Mono Blue Terror,Gruul Ponza,4.0,7,0.5714285714285714,0.25045836275303557,0.8417801460075546
Mono Blue Terror,Aura Bogles,1.0,4,0.25,0.04558726029536886,0.6993581599030918
Mono Blue Terror,Elves,1.0,4,0.25,0.04558726029536886,0.6993581599030918
Mono Blue Terror,Gates,1.0,4,0.25,0.04558726029536886,0.6993581599030918
Mono Blue Terror,Mono Blue Faeries,1.0,4,0.25,0.04558726029536886,0.6993581599030918
Mono Blue Terror,White Aggro,1.0,4,0.25,0.04558726029536886,0.6993581599030918
Mono Blue Terror,Red Rally,1.0,3,0.3333333333333333,0.06149194402093078,0.7923404011921757
Mono Blue Terror,Gruul Ramp,0.0,2,0.0,0.0,0.6576197760453506
Mono Blue Terror,Dimir Faeries,1.0,1,1.0,0.2065493117918027,1.0
Mono Blue Terror,Ephemerate Tron,0.0,1,0.0,0.0,0.7934506882081973
Mono Blue Terror,Rakdos Madness,0.0,1,0.0,0.0,0.7934506882081973
Mono Blue Terror,Ruby Storm,1.0,1,1.0,0.2065493117918027,1.0
Mono Blue Terror,Spy Combo,1.0,1,1.0,0.2065493117918027,1.0
Mono Blue Terror,WUBR Affinity,0.0,1,0.0,0.0,0.7934506882081973
Mono Blue Terror,WUBR Synthesizer,1.0,1,1.0,0.2065493117918027,1.0
Mono Blue Terror,Walls Cascade,1.0,1,1.0,0.2065493117918027,1.0
Mono Red Burn,Gates,0.0,1,0.0,0.0,0.7934506882081973
Mono Red Burn,Red Madness,0.0,1,0.0,0.0,0.7934506882081973
Mono Red Kiln Fiend,Dimir Faeries,0.0,1,0.0,0.0,0.7934506882081973
Mono Red Kiln Fiend,Elves,1.0,1,1.0,0.2065493117918027,1.0
Mono Red Kiln Fiend,Jeskai Ephemerate,1.0,1,1.0,0.2065493117918027,1.0
Mono Red Kiln Fiend,Spy Combo,1.0,1,1.0,0.2065493117918027,1.0
Orzhov Midrange,Jund Midrange,0.0,2,0.0,0.0,0.6576197760453506
Orzhov Midrange,Mono Blue Faeries,0.0,1,0.0,0.0,0.7934506882081973
Orzhov Midrange,Tron,0.0,1,0.0,0.0,0.7934506882081973
Rakdos Madness,Golgari Garden,2.0,3,0.6666666666666666,0.2076595988078242,0.9385080559790691
Rakdos Madness,Jund Midrange,0.0,1,0.0,0.0,0.7934506882081973
Rakdos Madness,Mono Blue Faeries,0.0,1,0.0,0.0,0.7934506882081973
Rakdos Madness,Mono Blue Terror,1.0,1,1.0,0.2065493117918027,1.0
Rakdos Madness,White Aggro,1.0,1,1.0,0.2065493117918027,1.0
Red Madness,Mono Blue Faeries,9.0,22,0.4090909090909091,0.23255816086354597,0.6126518167010261
Red Madness,Mono Blue Terror,5.0,17,0.29411764705882354,0.1327998952626943,0.5313311024822815
Red Madness,Jund Midrange,11.0,14,0.7857142857142857,0.5241076920169465,0.9242861334670647
Red Madness,Grixis Affinity,7.0,12,0.5833333333333334,0.31951131084242423,0.8067396875653928
Red Madness,Gruul Ponza,8.0,12,0.6666666666666666,0.3906220869404939,0.86187990987514
Red Madness,Elves,10.0,11,0.9090909090909091,0.6226415608917041,0.9837678272946745
Red Madness,Jeskai Ephemerate,4.0,10,0.4,0.1681803285264069,0.6873262320788047
Red Madness,Tron,6.0,10,0.6,0.3126737679211953,0.831819671473593
Red Madness,Dimir Faeries,4.0,7,0.5714285714285714,0.25045836275303557,0.8417801460075546
Red Madness,White Aggro,4.0,7,0.5714285714285714,0.25045836275303557,0.8417801460075546
Red Madness,Red Rally,1.0,5,0.2,0.03622410822563066,0.6244653729700049
Red Madness,WUBR Affinity,0.0,5,0.0,0.0,0.43448246865939283
Red Madness,Dimir Terror,0.0,4,0.0,0.0,0.4898908403969213
Red Madness,Golgari Garden,1.0,4,0.25,0.04558726029536886,0.6993581599030918
Red Madness,Gruul Ramp,4.0,4,1.0,0.5101091596030786,0.9999999999999999
Red Madness,Spy Combo,3.0,4,0.75,0.3006418400969081,0.954412739704631
Red Madness,Aura Bogles,1.0,3,0.3333333333333333,0.06149194402093078,0.7923404011921757
Red Madness,Gates,1.0,3,0.3333333333333333,0.06149194402093078,0.7923404011921757
Red Madness,Ruby Storm,1.0,3,0.3333333333333333,0.06149194402093078,0.7923404011921757
Red Madness,Azorius Familiars,0.0,2,0.0,0.0,0.6576197760453506
Red Madness,Grixis Control,1.0,2,0.5,0.09453120463920084,0.9054687953607992
Red Madness,Mardu Synthesizer,0.0,2,0.0,0.0,0.6576197760453506
Red Madness,Azorius Affinity,1.0,1,1.0,0.2065493117918027,1.0
Red Madness,Caw Gates,1.0,1,1.0,0.2065493117918027,1.0
Red Madness,Cycle Storm,1.0,1,1.0,0.2065493117918027,1.0
Red Madness,Ephemerate Tron,0.0,1,0.0,0.0,0.7934506882081973
Red Madness,Esper Affinity,0.0,1,0.0,0.0,0.7934506882081973
Red Madness,Esper Midrange,0.0,1,0.0,0.0,0.7934506882081973
Red Madness,Mono Red Burn,1.0,1,1.0,0.2065493117918027,1.0
Red Rally,Jund Midrange,7.0,7,1.0,0.6456695613241317,1.0
Red Rally,Red Madness,4.0,5,0.8,0.375534627029995,0.9637758917743693
Red Rally,Gates,2.0,4,0.5,0.15003898774401986,0.8499610122559802
Red Rally,Jeskai Ephemerate,2.0,4,0.5,0.15003898774401986,0.8499610122559802
Red Rally,Dimir Faeries,0.0,3,0.0,0.0,0.5614970356393196
Red Rally,Mono Blue Terror,2.0,3,0.6666666666666666,0.2076595988078242,0.9385080559790691
Red Rally,White Aggro,2.0,3,0.6666666666666666,0.2076595988078242,0.9385080559790691
Red Rally,Grixis Affinity,0.0,2,0.0,0.0,0.6576197760453506
Red Rally,Gruul Ponza,0.0,2,0.0,0.0,0.6576197760453506
Red Rally,Spy Combo,0.0,2,0.0,0.0,0.6576197760453506
Red Rally,Aura Bogles,0.0,1,0.0,0.0,0.7934506882081973
Red Rally,Azorius Familiars,0.0,1,0.0,0.0,0.7934506882081973
Red Rally,Dimir Terror,1.0,1,1.0,0.2065493117918027,1.0
Red Rally,Esper Affinity,0.0,1,0.0,0.0,0.7934506882081973
Red Rally,Golgari Garden,1.0,1,1.0,0.2065493117918027,1.0
Red Rally,Tron,0.0,1,0.0,0.0,0.7934506882081973
Ruby Storm,Red Madness,2.0,3,0.6666666666666666,0.2076595988078242,0.9385080559790691
Ruby Storm,Elves,2.0,2,1.0,0.3423802239546494,1.0
Ruby Storm,Aura Bogles,0.0,1,0.0,0.0,0.7934506882081973
Ruby Storm,Gates,0.0,1,0.0,0.0,0.7934506882081973
Ruby Storm,Mono Blue Terror,0.0,1,0.0,0.0,0.7934506882081973
Ruby Storm,Tron,1.0,1,1.0,0.2065493117918027,1.0
Spy Combo,Red Madness,1.0,4,0.25,0.04558726029536886,0.6993581599030918
Spy Combo,Elves,1.0,3,0.3333333333333333,0.06149194402093078,0.7923404011921757
Spy Combo,Gates,1.0,2,0.5,0.09453120463920084,0.9054687953607992
Spy Combo,Red Rally,2.0,2,1.0,0.3423802239546494,1.0
Spy Combo,Dimir Affinity,1.0,1,1.0,0.2065493117918027,1.0
Spy Combo,Dimir Faeries,0.0,1,0.0,0.0,0.7934506882081973
Spy Combo,Ephemerate Tron,1.0,1,1.0,0.2065493117918027,1.0
Spy Combo,Grixis Affinity,0.0,1,0.0,0.0,0.7934506882081973
Spy Combo,Jeskai Ephemerate,0.0,1,0.0,0.0,0.7934506882081973
Spy Combo,Jund Midrange,0.0,1,0.0,0.0,0.7934506882081973
Spy Combo,Mono Blue Terror,0.0,1,0.0,0.0,0.7934506882081973
Spy Combo,Mono Red Kiln Fiend,0.0,1,0.0,0.0,0.7934506882081973
Tireless Tribe,Dimir Faeries,0.0,1,0.0,0.0,0.7934506882081973
Tron,Mono Blue Terror,2.0,11,0.18181818181818182,0.051367689278583956,0.47698056435423286
Tron,Red Madness,4.0,10,0.4,0.1681803285264069,0.6873262320788047
Tron,Jund Midrange,3.0,6,0.5,0.18761630498040816,0.8123836950195918
Tron,Dimir Terror,3.0,5,0.6,0.23072427940911855,0.8823792268590028
Tron,Grixis Affinity,2.0,5,0.4,0.11762077314099711,0.7692757205908813
Tron,Dimir Faeries,2.0,4,0.5,0.15003898774401986,0.8499610122559802
Tron,Elves,0.0,4,0.0,0.0,0.4898908403969213
Tron,Gruul Ponza,2.0,4,0.5,0.15003898774401986,0.8499610122559802
Tron,Mono Blue Faeries,0.0,4,0.0,0.0,0.4898908403969213
Tron,Jeskai Ephemerate,3.0,3,1.0,0.43850296436068037,1.0
Tron,Golgari Garden,1.0,2,0.5,0.09453120463920084,0.9054687953607992
Tron,White Aggro,1.0,2,0.5,0.09453120463920084,0.9054687953607992
Tron,Esper Midrange,0.0,1,0.0,0.0,0.7934506882081973
Tron,Gates,1.0,1,1.0,0.2065493117918027,1.0
Tron,Orzhov Midrange,1.0,1,1.0,0.2065493117918027,1.0
Tron,Red Rally,1.0,1,1.0,0.2065493117918027,1.0
Tron,Ruby Storm,0.0,1,0.0,0.0,0.7934506882081973
Tron,WUBR Synthesizer,0.0,1,0.0,0.0,0.7934506882081973
Turbo Fog,Aura Bogles,0.0,1,0.0,0.0,0.7934506882081973
WUBR Affinity,Red Madness,5.0,5,1.0,0.5655175313406071,1.0
WUBR Affinity,Elves,1.0,2,0.5,0.09453120463920084,0.9054687953607992
WUBR Affinity,Golgari Garden,2.0,2,1.0,0.3423802239546494,1.0
WUBR Affinity,Dimir Faeries,1.0,1,1.0,0.2065493117918027,1.0
WUBR Affinity,Mono Blue Terror,1.0,1,1.0,0.2065493117918027,1.0
WUBR Affinity,White Aggro,0.0,1,0.0,0.0,0.7934506882081973
WUBR Synthesizer,Esper Midrange,1.0,1,1.0,0.2065493117918027,1.0
WUBR Synthesizer,Mono Blue Terror,0.0,1,0.0,0.0,0.7934506882081973
WUBR Synthesizer,Tron,1.0,1,1.0,0.2065493117918027,1.0
Walls Cascade,Mono Blue Terror,0.0,1,0.0,0.0,0.7934506882081973
Walls Combo,Dimir Faeries,0.0,1,0.0,0.0,0.7934506882081973
Walls Combo,Gates,1.0,1,1.0,0.2065493117918027,1.0
Walls Combo,Jeskai Ephemerate,1.0,1,1.0,0.2065493117918027,1.0
White Aggro,Red Madness,3.0,7,0.42857142857142855,0.15821985399244537,0.7495416372469643
White Aggro,Aura Bogles,2.0,5,0.4,0.11762077314099711,0.7692757205908813
White Aggro,Grixis Affinity,3.0,4,0.75,0.3006418400969081,0.954412739704631
White Aggro,Mono Blue Terror,3.0,4,0.75,0.3006418400969081,0.954412739704631
White Aggro,Golgari Garden,0.0,3,0.0,0.0,0.5614970356393196
White Aggro,Jeskai Ephemerate,3.0,3,1.0,0.43850296436068037,1.0
White Aggro,Red Rally,1.0,3,0.3333333333333333,0.06149194402093078,0.7923404011921757
White Aggro,Burn,2.0,2,1.0,0.3423802239546494,1.0
White Aggro,Dimir Faeries,2.0,2,1.0,0.3423802239546494,1.0
White Aggro,Mono Blue Faeries,2.0,2,1.0,0.3423802239546494,1.0
White Aggro,Tron,1.0,2,0.5,0.09453120463920084,0.9054687953607992
White Aggro,Elves,1.0,1,1.0,0.2065493117918027,1.0
White Aggro,Esper Affinity,0.0,1,0.0,0.0,0.7934506882081973
White Aggro,Gates,0.0,1,0.0,0.0,0.7934506882081973
White Aggro,Jund Midrange,1.0,1,1.0,0.2065493117918027,1.0
White Aggro,Rakdos Madness,0.0,1,0.0,0.0,0.7934506882081973
White Aggro,WUBR Affinity,1.0,1,1.0,0.2065493117918027,1.0
